{
  "fridge": {
    "center": [
      6456.7357,
      30434.661232500002
    ],
    "rotation": 0.0,
    "placed": true
  },
  "iceMaker": {
    "center": [
      6741.7357,
      29387.936898876404
    ],
    "rotation": 270.0,
    "placed": true
  },
  "shelf-1": {
    "center": [
      6144.209980597922,
      29242.22694203769
    ],
    "rotation": 269.97462095513447,
    "placed": true
  },
  "shelf-2": {
    "center": [
      5362.63779427436,
      29828.707324423856
    ],
    "rotation": 105.85199939798602,
    "placed": true
  },
  "shelf-3": {
    "center": [
      5087.761805997862,
      30796.744267470145
    ],
    "rotation": 105.85199939798602,
    "placed": true
  },
  "overShelf-1": {
    "center": [
      4868.042478239675,
      31570.534760065915
    ],
    "rotation": 105.85199939798602,
    "placed": true
  },
  "overShelf-2": {
    "center": [
      4703.274679067699,
      32150.801219944766
    ],
    "rotation": 105.85199939798602,
    "placed": true
  },
  "overShelf-3": {
    "center": [
      5152.320696955258,
      32403.16378821691
    ],
    "rotation": 15.852001319295063,
    "placed": true
  }
}